"Date","Price (Close)"
"2022-04-09","42438.22829768313"
"2022-04-08","42263.37052318826"
"2022-04-07","43455.12215450721"
"2022-04-06","43176.59711905165"
"2022-04-05","45502.03195687107"
"2022-04-04","46594.42097599588"
"2022-04-03","46414.52734650312"
"2022-04-02","45822.87733644669"
"2022-04-01","46298.58833405536"
"2022-03-31","45537.67"
"2022-03-30","47075.07893502994"
"2022-03-29","47449.78374090007"
"2022-03-28","47138.51218039279"
"2022-03-27","46842.63905822231"
"2022-03-26","44535.51077478116"
"2022-03-25","44329.92128566712"
"2022-03-24","44013.207614417566"
"2022-03-23","42899.62081072618"
"2022-03-22","42379.863589968874"
"2022-03-21","41021.109948875026"
"2022-03-20","41275.41981259763"
"2022-03-19","42227.205980447165"
"2022-03-18","41775.232182868385"
"2022-03-17","40941.12350740129"
"2022-03-16","41131.44820344736"
"2022-03-15","39303.53847474247"
"2022-03-14","39677.17881861952"
"2022-03-13","37786.21011683803"
"2022-03-12","38806.981301796586"
"2022-03-11","38733.32931508335"
"2022-03-10","39439.80579087697"
"2022-03-09","41957.16433036675"
"2022-03-08","38746.54612772212"
"2022-03-07","38001.05209145175"
"2022-03-06","38418.00317690793"
"2022-03-05","39405.13029936343"
"2022-03-04","39155.57228378007"
"2022-03-03","42461.085343785024"
"2022-03-02","43920.41706239912"
"2022-03-01","44436.23988601215"
"2022-02-28","43192.80633667073"
"2022-02-27","37716.35255320594"
"2022-02-26","39134.03307960534"
"2022-02-25","39242.85668372231"
"2022-02-24","38354.77806497152"
"2022-02-23","37271.51012035594"
"2022-02-22","38256.5522600743"
"2022-02-21","37033.98242645703"
"2022-02-20","38399.033716602586"
"2022-02-19","40098.18822590741"
"2022-02-18","39996.20898144621"
"2022-02-17","40544.62216353262"
"2022-02-16","43899.17505321976"
"2022-02-15","44574.61961470789"
"2022-02-14","42548.442116491555"
"2022-02-13","42075.715472990916"
"2022-02-12","42235.972537297384"
"2022-02-11","42395.74554152036"
"2022-02-10","43530.952127896315"
"2022-02-09","44417.15509184096"
"2022-02-08","44080.88604780179"
"2022-02-07","43870.00033080891"
"2022-02-06","42411.43792523726"
"2022-02-05","41413.9459340775"
"2022-02-04","41603.027992946394"
"2022-02-03","37331.44072753229"
"2022-02-02","36920.350324988256"
"2022-02-01","38721.010706257424"
"2022-01-31","38490.065368439595"
"2022-01-30","37905.13870344644"
"2022-01-29","38182.04097037234"
"2022-01-28","37739.458415110355"
"2022-01-27","37181.24471827503"
"2022-01-26","36833.92008537178"
"2022-01-25","36981.47196006759"
"2022-01-24","36688.135613949125"
"2022-01-23","36276.72538118257"
"2022-01-22","35078.71446822955"
"2022-01-21","36467.14401085583"
"2022-01-20","40686.30786420817"
"2022-01-19","41675.09028532346"
"2022-01-18","42372.24700541985"
"2022-01-17","42221.051687156454"
"2022-01-16","43094.373969658496"
"2022-01-15","43095.616604307725"
"2022-01-14","43085.56971573354"
"2022-01-13","42573.11237548382"
"2022-01-12","43920.93710308029"
"2022-01-11","42742.67943384213"
"2022-01-10","41831.121668248255"
"2022-01-09","41868.39850441903"
"2022-01-08","41686.819398481966"
"2022-01-07","41555.91333306524"
"2022-01-06","43086.867495127044"
"2022-01-05","43443.74266337539"
"2022-01-04","45828.00081420645"
"2022-01-03","46448.54887176065"
"2022-01-02","47300.260977473095"
"2022-01-01","47738.09021326221"
"2021-12-31","46209.1139456154"
"2021-12-30","47127.70357741576"
"2021-12-29","46471.4215805147"
"2021-12-28","47549.767421230325"
"2021-12-27","50713.32173892958"
"2021-12-26","50801.801040581006"
"2021-12-25","50433.005302307545"
"2021-12-24","50841.174469837315"
"2021-12-23","50840.98385030687"
"2021-12-22","48607.97360153215"
"2021-12-21","48913.54969317812"
"2021-12-20","46919.455753861504"
"2021-12-19","46696.18828923895"
"2021-12-18","46858.707248173996"
"2021-12-17","46158.83776968673"
"2021-12-16","47644.42976206312"
"2021-12-15","48888.311283824754"
"2021-12-14","48371.07189171241"
"2021-12-13","46734.82802414623"
"2021-12-12","50095.84188761455"
"2021-12-11","49413.99169724149"
"2021-12-10","47177.6365366698"
"2021-12-09","47580.70580969434"
"2021-12-08","50514.81642085562"
"2021-12-07","50631.72168899536"
"2021-12-06","50513.5013442801"
"2021-12-05","49466.5094623895"
"2021-12-04","49237.93061134608"
"2021-12-03","53650.623544597256"
"2021-12-02","56520.89965437467"
"2021-12-01","57219.384525995934"
"2021-11-30","56980.61206570054"
"2021-11-29","57835.29033338085"
"2021-11-28","57324.80152701594"
"2021-11-27","54773.00678642563"
"2021-11-26","53771.63946029656"
"2021-11-25","58993.3076256517"
"2021-11-24","57167.940399318286"
"2021-11-23","57566.31613345491"
"2021-11-22","56287.30190661673"
"2021-11-21","58687.185677168825"
"2021-11-20","59763.42238615593"
"2021-11-19","58113.417541449664"
"2021-11-18","56922.44043653159"
"2021-11-17","60374.03497360173"
"2021-11-16","60101.086545380604"
"2021-11-15","63613.27713454951"
"2021-11-14","65529.21554642032"
"2021-11-13","64408.395925960045"
"2021-11-12","64148.801061873775"
"2021-11-11","64815.87967883819"
"2021-11-10","64916.88837726965"
"2021-11-09","66952.03855670716"
"2021-11-08","67553.510527717"
"2021-11-07","63319.18439686647"
"2021-11-06","61528.835301861756"
"2021-11-05","61016.50554379181"
"2021-11-04","61456.704150052756"
"2021-11-03","62927.542965413624"
"2021-11-02","63269.55170974233"
"2021-11-01","60954.44422250737"
"2021-10-31","61349.79664491741"
"2021-10-30","61889.92586166655"
"2021-10-29","62292.15271971656"
"2021-10-28","60608.59294762445"
"2021-10-27","58475.89923831332"
"2021-10-26","60337.9407105646"
"2021-10-25","63085.86122774842"
"2021-10-24","60873.552431355056"
"2021-10-23","61297.1379295953"
"2021-10-22","60679.01229752287"
"2021-10-21","62229.46848147923"
"2021-10-20","66038.33040206794"
"2021-10-19","64293.39210732613"
"2021-10-18","62017.586580697105"
"2021-10-17","61524.828234542525"
"2021-10-16","60876.517474630455"
"2021-10-15","61679.701554760875"
"2021-10-14","57355.09980830324"
"2021-10-13","57371.07835167782"
"2021-10-12","56003.87675319907"
"2021-10-11","57498.92317727315"
"2021-10-10","54685.66784257121"
"2021-10-09","54969.25391775828"
"2021-10-08","53964.72554080152"
"2021-10-07","53791.56011707855"
"2021-10-06","55333.011327334956"
"2021-10-05","51496.0737935795"
"2021-10-04","49245.049341553145"
"2021-10-03","48228.374332415784"
"2021-10-02","47660.801395880844"
"2021-10-01","48167.68563488634"
"2021-09-30","43825.75735773819"
"2021-09-29","41524.60631143541"
"2021-09-28","41039.934214287874"
"2021-09-27","42169.21466737234"
"2021-09-26","43189.15920010166"
"2021-09-25","42703.66528136097"
"2021-09-24","42847.89800231547"
"2021-09-23","44896.434687317844"
"2021-09-22","43573.11521182879"
"2021-09-21","40713.372437437945"
"2021-09-20","43005.41397261596"
"2021-09-19","47250.21110037927"
"2021-09-18","48302.461196218086"
"2021-09-17","47300.90215676043"
"2021-09-16","47757.27115947085"
"2021-09-15","48148.33116063502"
"2021-09-14","47130.67957423161"
"2021-09-13","44956.04181226871"
"2021-09-12","46036.387569405204"
"2021-09-11","45175.24475579598"
"2021-09-10","44858.851039253714"
"2021-09-09","46406.77808193513"
"2021-09-08","46072.84462407352"
"2021-09-07","46888.73509387665"
"2021-09-06","52699.017881348496"
"2021-09-05","51795.68875881028"
"2021-09-04","49943.86590989726"
"2021-09-03","49998.478892060055"
"2021-09-02","49274.878632583706"
"2021-09-01","48844.679788416994"
"2021-08-31","47132.960237921856"
"2021-08-30","47002.93606319256"
"2021-08-29","48804.89206631799"
"2021-08-28","48931.190615437015"
"2021-08-27","49094.133344419366"
"2021-08-26","46856.62735920133"
"2021-08-25","48996.135100263746"
"2021-08-24","47661.18803327176"
"2021-08-23","49513.10577212436"
"2021-08-22","49285.906871382074"
"2021-08-21","48874.2292170511"
"2021-08-20","49339.77499641724"
"2021-08-19","46779.78198864239"
"2021-08-18","44723.54788930048"
"2021-08-17","44702.679927049634"
"2021-08-16","45944.57110085371"
"2021-08-15","47019.242786178664"
"2021-08-14","47113.09372840073"
"2021-08-13","47824.71047899698"
"2021-08-12","44427.68487627358"
"2021-08-11","45547.32441341331"
"2021-08-10","45570.76175014585"
"2021-08-09","46278.253536640885"
"2021-08-08","43849.0961868643"
"2021-08-07","44623.75802778377"
"2021-08-06","42861.677909854814"
"2021-08-05","40906.72936123486"
"2021-08-04","39711.576945807625"
"2021-08-03","38214.81668506366"
"2021-08-02","39175.32554102747"
"2021-08-01","39871.314841764244"
"2021-07-31","41485.3914898339"
"2021-07-30","42229.805800357586"
"2021-07-29","40032.51673091158"
"2021-07-28","40047.367972189335"
"2021-07-27","39478.99469474245"
"2021-07-26","37258.11169992395"
"2021-07-25","35416.083767790995"
"2021-07-24","34279.26671222107"
"2021-07-23","33648.05439739837"
"2021-07-22","32287.333380162017"
"2021-07-21","32145.21054684758"
"2021-07-20","29807.79473257486"
"2021-07-19","30843.20915229"
"2021-07-18","31801.533237922555"
"2021-07-17","31532.01401902486"
"2021-07-16","31395.101942953344"
"2021-07-15","31877.967088084974"
"2021-07-14","32838.40637757754"
"2021-07-13","32729.372735564528"
"2021-07-12","33087.1818330396"
"2021-07-11","34257.992760709334"
"2021-07-10","33522.06356837286"
"2021-07-09","33810.42781975512"
"2021-07-08","32884.7762251915"
"2021-07-07","33869.70692034103"
"2021-07-06","34222.14298956328"
"2021-07-05","33694.22371492725"
"2021-07-04","35285.49582543825"
"2021-07-03","34674.99184429142"
"2021-07-02","33698.749115710125"
"2021-07-01","33516.54526347933"
"2021-06-30","35047.23922681836"
"2021-06-29","35909.54506540364"
"2021-06-28","34495.23534548134"
"2021-06-27","34709.64461020715"
"2021-06-26","32291.059871232792"
"2021-06-25","31587.362684572647"
"2021-06-24","34660.06634955702"
"2021-06-23","33683.42842330969"
"2021-06-22","32530.813769029355"
"2021-06-21","31623.937442037986"
"2021-06-20","35596.77103679014"
"2021-06-19","35497.9337522889"
"2021-06-18","35779.21793898078"
"2021-06-17","38089.85951422869"
"2021-06-16","38923.610512360334"
"2021-06-15","40907.36237843977"
"2021-06-14","40873.9818750922"
"2021-06-13","39017.91565483727"
"2021-06-12","35550.80929724488"
"2021-06-11","37333.37691896241"
"2021-06-10","36690.323114697174"
"2021-06-09","37400.096168676726"
"2021-06-08","33407.06356977614"
"2021-06-07","33573.46144385185"
"2021-06-06","35804.81273112408"
"2021-06-05","35624.25609135742"
"2021-06-04","36852.26504079952"
"2021-06-03","39244.866974509605"
"2021-06-02","37573.700328814615"
"2021-06-01","36685.06845181184"
"2021-05-31","37272.78843590763"
"2021-05-30","35663.40484398605"
"2021-05-29","34622.56632803733"
"2021-05-28","35763.56564673959"
"2021-05-27","38554.13093767925"
"2021-05-26","39295.80572016091"
"2021-05-25","38372.10427418958"
"2021-05-24","38849.53360495075"
"2021-05-23","34804.38325924059"
"2021-05-22","37489.5696462923"
"2021-05-21","37328.644785308745"
"2021-05-20","40691.865101509014"
"2021-05-19","36759.91033161227"
"2021-05-18","42993.181138716915"
"2021-05-17","43671.666711900696"
"2021-05-16","46473.78117234264"
"2021-05-15","46939.23535821919"
"2021-05-14","49890.59561161027"
"2021-05-13","49902.26759250362"
"2021-05-12","49504.03617725971"
"2021-05-11","56749.686911051605"
"2021-05-10","56027.288071570045"
"2021-05-09","58301.81373587246"
"2021-05-08","58944.24775327365"
"2021-05-07","57363.208533869605"
"2021-05-06","56433.33124978601"
"2021-05-05","57502.298880264585"
"2021-05-04","53237.45977412949"
"2021-05-03","57208.999007537015"
"2021-05-02","56618.21143400628"
"2021-05-01","57848.18335731653"
"2021-04-30","57757.149216718026"
"2021-04-29","53601.028740556045"
"2021-04-28","54885.987241841285"
"2021-04-27","55138.20775088843"
"2021-04-26","54048.7475238507"
"2021-04-25","49121.76911367408"
"2021-04-24","50111.389278774164"
"2021-04-23","51229.06348900155"
"2021-04-22","51710.002078321646"
"2021-04-21","53923.201927633025"
"2021-04-20","56561.3490420926"
"2021-04-19","55686.67921487487"
"2021-04-18","56304.31980801012"
"2021-04-17","60056.664031279106"
"2021-04-16","61412.750765440775"
"2021-04-15","63224.16826547406"
"2021-04-14","63026.70862626945"
"2021-04-13","63631.40602951756"
"2021-04-12","59843.12039784084"
"2021-04-11","60055.85029033848"
"2021-04-10","59757.77544139458"
"2021-04-09","58116.80036587028"
"2021-04-08","58074.76252721877"
"2021-04-07","56010.00093415858"
"2021-04-06","58008.93216234953"
"2021-04-05","59131.6974987984"
"2021-04-04","58220.434940068626"
"2021-04-03","57075.67222383482"
"2021-04-02","58976.88255973288"
"2021-04-01","58716.17875188993"
"2021-03-31","58855.455415760356"
"2021-03-30","58776.67974136909"
"2021-03-29","57626.176953541435"
"2021-03-28","55770.15953667183"
"2021-03-27","55840.939935541406"
"2021-03-26","55058.52259271833"
"2021-03-25","51319.30449867274"
"2021-03-24","52295.92208865269"
"2021-03-23","54347.44862887336"
"2021-03-22","54103.94356512454"
"2021-03-21","57368.10100657577"
"2021-03-20","58106.77070556337"
"2021-03-19","58045.14273401708"
"2021-03-18","57642.073169206975"
"2021-03-17","58908.92465699068"
"2021-03-16","56916.05709501875"
"2021-03-15","55623.076377115976"
"2021-03-14","58980.62573399356"
"2021-03-13","61174.1891272131"
"2021-03-12","57232.049447359816"
"2021-03-11","57802.94451426763"
"2021-03-10","55875.761472289734"
"2021-03-09","54919.74944598506"
"2021-03-08","52402.09893015827"
"2021-03-07","50984.953490345855"
"2021-03-06","48900.346470255696"
"2021-03-05","48774.489196829236"
"2021-03-04","48372.152036112624"
"2021-03-03","50379.503545548505"
"2021-03-02","48500.72357412484"
"2021-03-01","49611.571197449375"
"2021-02-28","45223.360320288084"
"2021-02-27","46168.27661083373"
"2021-02-26","46309.90958385055"
"2021-02-25","47085.01708424623"
"2021-02-24","49734.20642179292"
"2021-02-23","48909.54895640467"
"2021-02-22","54129.45619613322"
"2021-02-21","57475.84229233257"
"2021-02-20","55898.15513417214"
"2021-02-19","55951.07987755098"
"2021-02-18","51584.6023151462"
"2021-02-17","52158.95343834736"
"2021-02-16","49262.75663491218"
"2021-02-15","47928.934007870586"
"2021-02-14","48647.20217256926"
"2021-02-13","47219.18701380294"
"2021-02-12","47407.35498048744"
"2021-02-11","48099.28450629842"
"2021-02-10","44842.77562737279"
"2021-02-09","46496.443817465246"
"2021-02-08","46445.54808704057"
"2021-02-07","38863.061839460235"
"2021-02-06","39227.83557383923"
"2021-02-05","38318.49042400525"
"2021-02-04","36981.97460991207"
"2021-02-03","37676.07494733297"
"2021-02-02","35504.720256366854"
"2021-02-01","33539.10300280868"
"2021-01-31","33127.64139957577"
"2021-01-30","34307.31795218959"
"2021-01-29","34258.70212830517"
"2021-01-28","33447.711282308104"
"2021-01-27","30420.103620682847"
"2021-01-26","32510.005765041406"
"2021-01-25","32263.031155651868"
"2021-01-24","32294.122501789545"
"2021-01-23","32104.272426874544"
"2021-01-22","32978.65509038433"
"2021-01-21","30834.975924568964"
"2021-01-20","35500.97573787246"
"2021-01-19","35910.4430569214"
"2021-01-18","36635.73709163373"
"2021-01-17","35824.861295771465"
"2021-01-16","35999.69232802583"
"2021-01-15","36751.118697750244"
"2021-01-14","39115.16169599422"
"2021-01-13","37380.05783087508"
"2021-01-12","34033.1270330233"
"2021-01-11","35435.65105196162"
"2021-01-10","38177.893648857644"
"2021-01-09","40258.28207770266"
"2021-01-08","40638.66321617064"
"2021-01-07","39485.03871628065"
"2021-01-06","36845.42719009862"
"2021-01-05","34033.02844076571"
"2021-01-04","32013.657608160636"
"2021-01-03","33061.90871061275"
"2021-01-02","32200.200908880128"
"2021-01-01","29402.176951267076"
"2020-12-31","28961.16419054453"
"2020-12-30","28886.315853439122"
"2020-12-29","27360.005185391336"
"2020-12-28","27032.289152072073"
"2020-12-27","26250.457794284153"
"2020-12-26","26463.33316440837"
"2020-12-25","24706.341348007194"
"2020-12-24","23725.788082277857"
"2020-12-23","23228.629319338434"
"2020-12-22","23820.557824810665"
"2020-12-21","22723.095651267435"
"2020-12-20","23475.541466191804"
"2020-12-19","23850.645713444243"
"2020-12-18","23138.057567786123"
"2020-12-17","22811.018280698045"
"2020-12-16","21358.62999783341"
"2020-12-15","19436.294766945317"
"2020-12-14","19270.45298307664"
"2020-12-13","19163.827292556005"
"2020-12-12","18815.684348943712"
"2020-12-11","18037.611443494254"
"2020-12-10","18254.412586683327"
"2020-12-09","18548.17205079044"
"2020-12-08","18313.233587312126"
"2020-12-07","19176.89398080659"
"2020-12-06","19376.099495355244"
"2020-12-05","19158.831543991393"
"2020-12-04","18657.346967566835"
"2020-12-03","19440.184947706588"
"2020-12-02","19222.1281061467"
"2020-12-01","18784.537073311265"
"2020-11-30","19704.012090494074"
"2020-11-29","18200.009909142016"
"2020-11-28","17735.399577434462"
"2020-11-27","17150.161470000054"
"2020-11-26","17169.6983723484"
"2020-11-25","18713.381530059873"
"2020-11-24","19168.063925287213"
"2020-11-23","18372.29556338157"
"2020-11-22","18434.304930041744"
"2020-11-21","18703.929118306954"
"2020-11-20","18684.69658753344"
"2020-11-19","17825.902819618786"
"2020-11-18","17786.11943438156"
"2020-11-17","17676.568067283857"
"2020-11-16","16720.14495412508"
"2020-11-15","15946.200234084316"
"2020-11-14","16071.501880622025"
"2020-11-13","16327.268311301585"
"2020-11-12","16314.969101500921"
"2020-11-11","15696.276644792793"
"2020-11-10","15307.296910843444"
"2020-11-09","15334.478548100205"
"2020-11-08","15480.699950380256"
"2020-11-07","14835.492064570413"
"2020-11-06","15597.044548611746"
"2020-11-05","15604.46239984464"
"2020-11-04","14150.50474456989"
"2020-11-03","14024.223844250597"
"2020-11-02","13551.602757465545"
"2020-11-01","13729.432316474864"
"2020-10-31","13792.545983311993"
"2020-10-30","13561.921123389513"
"2020-10-29","13457.647186795755"
"2020-10-28","13277.455398541833"
"2020-10-27","13642.269298921812"
"2020-10-26","13065.373028309981"
"2020-10-25","13036.166404215819"
"2020-10-24","13119.109865163622"
"2020-10-23","12935.122548614849"
"2020-10-22","12977.34543136124"
"2020-10-21","12805.891789050133"
"2020-10-20","11921.282792419986"
"2020-10-19","11758.017769624357"
"2020-10-18","11510.049198155688"
"2020-10-17","11369.83301823898"
"2020-10-16","11325.371570286781"
"2020-10-15","11512.300986992706"
"2020-10-14","11427.421744711804"
"2020-10-13","11428.42499293522"
"2020-10-12","11537.90429148588"
"2020-10-11","11372.930333797227"
"2020-10-10","11301.979624503701"
"2020-10-09","11059.017748895169"
"2020-10-08","10931.050045798813"
"2020-10-07","10666.551781390255"
"2020-10-06","10600.332191839323"
"2020-10-05","10796.394639779477"
"2020-10-04","10672.147761247581"
"2020-10-03","10547.090187390735"
"2020-10-02","10573.922845292678"
"2020-10-01","10620.221733756225"
"2020-09-30","10799.727779712226"
"2020-09-29","10844.120564334173"
"2020-09-28","10694.391198250867"
"2020-09-27","10777.150812130438"
"2020-09-26","10732.853957615032"
"2020-09-25","10692.766161243719"
"2020-09-24","10739.08596486566"
"2020-09-23","10236.562016692355"
"2020-09-22","10531.059676421688"
"2020-09-21","10416.406739108954"
"2020-09-20","10921.35861283799"
"2020-09-19","11081.847043074697"
"2020-09-18","10934.911329372568"
"2020-09-17","10942.424670856783"
"2020-09-16","10957.54812434909"
"2020-09-15","10787.421910504658"
"2020-09-14","10675.892813262217"
"2020-09-13","10331.928535849678"
"2020-09-12","10443.55161000525"
"2020-09-11","10393.989499699157"
"2020-09-10","10341.458632285156"
"2020-09-09","10222.136968622344"
"2020-09-08","10127.999594658259"
"2020-09-07","10374.655282429936"
"2020-09-06","10255.26237477805"
"2020-09-05","10169.711661221745"
"2020-09-04","10472.97973515739"
"2020-09-03","10160.905885683474"
"2020-09-02","11399.389661676887"
"2020-09-01","11937.101016280307"
"2020-08-31","11656.274209349587"
"2020-08-30","11714.428919911317"
"2020-08-29","11472.987008594671"
"2020-08-28","11535.357603436536"
"2020-08-27","11333.689249607454"
"2020-08-26","11467.148731836502"
"2020-08-25","11326.099616643365"
"2020-08-24","11756.998162747965"
"2020-08-23","11654.50098877271"
"2020-08-22","11669.785268494268"
"2020-08-21","11531.14479742931"
"2020-08-20","11867.15535743349"
"2020-08-19","11758.681263255907"
"2020-08-18","11958.294460559637"
"2020-08-17","12297.421352112686"
"2020-08-16","11916.514787748069"
"2020-08-15","11859.31565877932"
"2020-08-14","11776.738110897952"
"2020-08-13","11795.658687907586"
"2020-08-12","11570.119663050687"
"2020-08-11","11390.093881715004"
"2020-08-10","11903.36350582731"
"2020-08-09","11687.573584690967"
"2020-08-08","11772.009767780813"
"2020-08-07","11603.64554509765"
"2020-08-06","11769.468967577628"
"2020-08-05","11755.606191767569"
"2020-08-04","11197.404858419628"
"2020-08-03","11231.03193293241"
"2020-08-02","11071.16040657346"
"2020-08-01","11817.393998963676"
"2020-07-31","11353.029314848976"
"2020-07-30","11114.605126518465"
"2020-07-29","11111.827030185063"
"2020-07-28","10930.206165236918"
"2020-07-27","11047.08655454852"
"2020-07-26","9940.629897541914"
"2020-07-25","9713.542764853619"
"2020-07-24","9561.660405626593"
"2020-07-23","9613.605230329485"
"2020-07-22","9530.351276763575"
"2020-07-21","9394.466919331002"
"2020-07-20","9161.410422347595"
"2020-07-19","9213.444769249849"
"2020-07-18","9172.971749500575"
"2020-07-17","9154.080707689796"
"2020-07-16","9130.58133769898"
"2020-07-15","9190.168181737281"
"2020-07-14","9255.537820688054"
"2020-07-13","9241.207443521529"
"2020-07-12","9302.75600404417"
"2020-07-11","9233.317787143025"
"2020-07-10","9288.48162921401"
"2020-07-09","9233.148573890765"
"2020-07-08","9438.607169615329"
"2020-07-07","9257.454061961867"
"2020-07-06","9346.721637957846"
"2020-07-05","9076.519364518026"
"2020-07-04","9138.26289436895"
"2020-07-03","9059.484840050285"
"2020-07-02","9088.744012551142"
"2020-07-01","9236.616397175723"
"2020-06-30","9158.90157741598"
"2020-06-29","9180.793174484372"
"2020-06-28","9112.658751677218"
"2020-06-27","9003.726084451911"
"2020-06-26","9155.67802709783"
"2020-06-25","9242.103387812058"
"2020-06-24","9287.570469952603"
"2020-06-23","9621.789561256643"
"2020-06-22","9688.285776956316"
"2020-06-21","9287.670366696435"
"2020-06-20","9353.65975317441"
"2020-06-19","9299.224369277788"
"2020-06-18","9376.346354874262"
"2020-06-17","9454.740878711995"
"2020-06-16","9525.10809979166"
"2020-06-15","9428.160141117174"
"2020-06-14","9334.807054779269"
"2020-06-13","9472.327797702723"
"2020-06-12","9462.250729279524"
"2020-06-11","9267.579316933005"
"2020-06-10","9888.807412060076"
"2020-06-09","9778.164654802196"
"2020-06-08","9785.435997038783"
"2020-06-07","9751.488717625121"
"2020-06-06","9666.542288181876"
"2020-06-05","9617.090420820421"
"2020-06-04","9788.178936133976"
"2020-06-03","9665.937360861135"
"2020-06-02","9519.293396234225"
"2020-06-01","10207.837560226246"
"2020-05-31","9444.414655542003"
"2020-05-30","9698.898059252704"
"2020-05-29","9422.103158711489"
"2020-05-28","9577.691532034412"
"2020-05-27","9204.400057143941"
"2020-05-26","8840.03805068224"
"2020-05-25","8898.028610535259"
"2020-05-24","8714.09391166191"
"2020-05-23","9178.907037934596"
"2020-05-22","9169.589736107926"
"2020-05-21","9057.416448393073"
"2020-05-20","9507.786547747774"
"2020-05-19","9778.849823144124"
"2020-05-18","9752.214887955068"
"2020-05-17","9678.114831553246"
"2020-05-16","9385.357366002907"
"2020-05-15","9309.271876375644"
"2020-05-14","9793.744069612485"
"2020-05-13","9323.85775412173"
"2020-05-12","8817.972241929569"
"2020-05-11","8568.403634992781"
"2020-05-10","8726.847140033076"
"2020-05-09","9538.897856885298"
"2020-05-08","9809.862756776072"
"2020-05-07","9999.511736997374"
"2020-05-06","9155.684258469437"
"2020-05-05","9028.860591935168"
"2020-05-04","8886.182931340336"
"2020-05-03","8903.399224607956"
"2020-05-02","8982.890539709466"
"2020-05-01","8829.83840966908"
"2020-04-30","8626.555603963212"
"2020-04-29","8785.316070743344"
"2020-04-28","7753.418369493194"
"2020-04-27","7786.530477029904"
"2020-04-26","7701.736565197989"
"2020-04-25","7543.924522287693"
"2020-04-24","7514.126301027261"
"2020-04-23","7486.852624260107"
"2020-04-22","7135.508417025834"
"2020-04-21","6857.3034008803"
"2020-04-20","6837.716265647171"
"2020-04-19","7130.827026276954"
"2020-04-18","7257.5297375431755"
"2020-04-17","7036.315819242109"
"2020-04-16","7073.71585506765"
"2020-04-15","6714.480925862025"
"2020-04-14","6875.383794196854"
"2020-04-13","6855.122402041605"
"2020-04-12","6911.609896764899"
"2020-04-11","6888.287612691595"
"2020-04-10","6870.103233510345"
"2020-04-09","7293.342315865617"
"2020-04-08","7370.3228526235125"
"2020-04-07","7199.711598707606"
"2020-04-06","7342.581921877739"
"2020-04-05","6780.268407535982"
"2020-04-04","6872.605219111627"
"2020-04-03","6740.347723885679"
"2020-04-02","6799.219403080545"
"2020-04-01","6661.999749495881"
"2020-03-31","6426.07651612687"
"2020-03-30","6406.941005134504"
"2020-03-29","5879.887346227628"
"2020-03-28","6251.315361733161"
"2020-03-27","6368.67783565907"
"2020-03-26","6718.236472825736"
"2020-03-25","6689.614806896922"
"2020-03-24","6767.965341631038"
"2020-03-23","6495.92971650934"
"2020-03-22","5820.527342561931"
"2020-03-21","6194.187191149058"
"2020-03-20","6204.773950806677"
"2020-03-19","6184.820416473571"
"2020-03-18","5411.842018282379"
"2020-03-17","5336.203408028168"
"2020-03-16","5041.082208792034"
"2020-03-15","5348.231593973001"
"2020-03-14","5204.732144334111"
"2020-03-13","5632.209299175679"
"2020-03-12","4842.943406770192"
"2020-03-11","7940.986247868867"
"2020-03-10","7895.316673275938"
"2020-03-09","7933.6211673686585"
"2020-03-08","8041.740677619292"
"2020-03-07","8890.389941180743"
"2020-03-06","9155.513204177387"
"2020-03-05","9069.864635128117"
"2020-03-04","8758.234259303637"
"2020-03-03","8763.216083866864"
"2020-03-02","8919.1005775489"
"2020-03-01","8524.001915693518"
"2020-02-29","8527.351305382792"
"2020-02-28","8704.479409066636"
"2020-02-27","8816.775217820401"
"2020-02-26","8783.752231887021"
"2020-02-25","9310.294008172395"
"2020-02-24","9658.34645630577"
"2020-02-23","9967.662667118826"
"2020-02-22","9667.032271468503"
"2020-02-21","9689.543722297458"
"2020-02-20","9606.993073221038"
"2020-02-19","9597.029281927757"
"2020-02-18","10187.491408770395"
"2020-02-17","9710.939967005257"
"2020-02-16","9923.494738957534"
"2020-02-15","9900.113936122678"
"2020-02-14","10361.37441780032"
"2020-02-13","10233.33196482426"
"2020-02-12","10333.136683408658"
"2020-02-11","10264.118380915335"
"2020-02-10","9849.282205808946"
"2020-02-09","10159.056488099375"
"2020-02-08","9899.87250141779"
"2020-02-07","9800.574195222356"
"2020-02-06","9759.72067546678"
"2020-02-05","9608.1209446928"
"2020-02-04","9166.702234351835"
"2020-02-03","9282.608816257543"
"2020-02-02","9322.457545910218"
"2020-02-01","9376.124126880777"
"2020-01-31","9335.79567601483"
"2020-01-30","9499.85878000617"
"2020-01-29","9285.320794836873"
"2020-01-28","9382.044148079058"
"2020-01-27","8889.58629148026"
"2020-01-26","8598.439479269957"
"2020-01-25","8332.856576957674"
"2020-01-24","8427.193210918802"
"2020-01-23","8382.329887162221"
"2020-01-22","8660.073547201391"
"2020-01-21","8720.051013375481"
"2020-01-20","8625.588794974108"
"2020-01-19","8695.793841138546"
"2020-01-18","8909.177452623479"
"2020-01-17","8897.992114275132"
"2020-01-16","8672.236728914728"
"2020-01-15","8811.387870182181"
"2020-01-14","8811.04897329212"
"2020-01-13","8107.0843065746485"
"2020-01-12","8178.855606775806"
"2020-01-11","8017.505113020396"
"2020-01-10","8192.129659377726"
"2020-01-09","7809.204148762426"
"2020-01-08","8049.861001690873"
"2020-01-07","8157.183327495583"
"2020-01-06","7761.531233221876"
"2020-01-05","7353.340005331955"
"2020-01-04","7342.9321327827765"
"2020-01-03","7334.642936847678"
"2020-01-02","6947.972832879146"
"2020-01-01","7181.33726356389"
"2019-12-31","7169.5765041515315"
"2019-12-30","7222.376673515332"
"2019-12-29","7382.121244730894"
"2019-12-28","7307.05496862182"
"2019-12-27","7245.4965392167705"
"2019-12-26","7194.746151563704"
"2019-12-25","7193.1377537145345"
"2019-12-24","7252.125134608685"
"2019-12-23","7316.510250554094"
"2019-12-22","7503.997003668116"
"2019-12-21","7131.788628704908"
"2019-12-20","7190.8128622556715"
"2019-12-19","7147.994550683137"
"2019-12-18","7288.5003004900445"
"2019-12-17","6618.67624261085"
"2019-12-16","6885.725362231101"
"2019-12-15","7117.3308248534795"
"2019-12-14","7064.290610236014"
"2019-12-13","7252.7546752591215"
"2019-12-12","7189.968176765544"
"2019-12-11","7203.528428077961"
"2019-12-10","7222.0658721601685"
"2019-12-09","7338.702912317122"
"2019-12-08","7516.469111911781"
"2019-12-07","7501.204666879183"
"2019-12-06","7543.383362281497"
"2019-12-05","7392.657412933063"
"2019-12-04","7196.763417642071"
"2019-12-03","7312.750676590356"
"2019-12-02","7309.652061892985"
"2019-12-01","7403.3915411452235"
"2019-11-30","7553.2445856547565"
"2019-11-29","7751.242787647271"
"2019-11-28","7430.98186788119"
"2019-11-27","7517.313127904231"
"2019-11-26","7163.506877413452"
"2019-11-25","7121.362301856831"
"2019-11-24","6910.514947823032"
"2019-11-23","7320.29388225093"
"2019-11-22","7277.45223735458"
"2019-11-21","7617.449633186813"
"2019-11-20","8072.235782937799"
"2019-11-19","8121.691814368802"
"2019-11-18","8172.772950680553"
"2019-11-17","8501.590784492306"
"2019-11-16","8473.622430772186"
"2019-11-15","8463.451942662025"
"2019-11-14","8633.587387260768"
"2019-11-13","8759.695423652991"
"2019-11-12","8804.741550642582"
"2019-11-11","8720.637397993542"
"2019-11-10","9036.411463492526"
"2019-11-09","8803.606776246823"
"2019-11-08","8764.202067930997"
"2019-11-07","9202.015061238619"
"2019-11-06","9339.096592985852"
"2019-11-05","9304.273961217385"
"2019-11-04","9410.427112271756"
"2019-11-03","9204.687720659305"
"2019-11-02","9302.581989887574"
"2019-11-01","9242.151432445778"
"2019-10-31","9152.60622854322"
"2019-10-30","9162.325919063758"
"2019-10-29","9426.280975309492"
"2019-10-28","9223.30726027089"
"2019-10-27","9553.123071709495"
"2019-10-26","9258.299468343357"
"2019-10-25","8665.676948259998"
"2019-10-24","7426.480869513319"
"2019-10-23","7472.343378850688"
"2019-10-22","8022.927961471169"
"2019-10-21","8214.942109359545"
"2019-10-20","8236.203432534961"
"2019-10-19","7966.382532822106"
"2019-10-18","7955.602512732906"
"2019-10-17","8077.712744577984"
"2019-10-16","7993.767295900143"
"2019-10-15","8162.382925846"
"2019-10-14","8353.01851701166"
"2019-10-13","8279.460135801946"
"2019-10-12","8306.740968680017"
"2019-10-11","8263.912960710746"
"2019-10-10","8570.234351567518"
"2019-10-09","8578.596189586046"
"2019-10-08","8176.242879071466"
"2019-10-07","8202.503791618632"
"2019-10-06","7863.607175388604"
"2019-10-05","8143.870320719673"
"2019-10-04","8146.803319995445"
"2019-10-03","8241.702543990403"
"2019-10-02","8378.23992117896"
"2019-10-01","8318.20150766918"
"2019-09-30","8306.647172178144"
"2019-09-29","8054.060440370432"
"2019-09-28","8212.507756099267"
"2019-09-27","8195.473571930946"
"2019-09-26","8063.927729411242"
"2019-09-25","8437.537039377834"
"2019-09-24","8530.168521207615"
"2019-09-23","9696.591656946142"
"2019-09-22","10027.94002409689"
"2019-09-21","9986.093584857514"
"2019-09-20","10169.5390973117"
"2019-09-19","10253.950351951038"
"2019-09-18","10160.733482534852"
"2019-09-17","10194.589306745069"
"2019-09-16","10269.09079457108"
"2019-09-15","10311.41649572575"
"2019-09-14","10360.842547797089"
"2019-09-13","10363.273649958159"
"2019-09-12","10427.418397146988"
"2019-09-11","10163.57335680298"
"2019-09-10","10103.575587480342"
"2019-09-09","10311.641000042227"
"2019-09-08","10405.258854397334"
"2019-09-07","10482.137403171544"
"2019-09-06","10307.994080450493"
"2019-09-05","10571.68660836975"
"2019-09-04","10573.948048803524"
"2019-09-03","10617.632755301856"
"2019-09-02","10373.63033960103"
"2019-09-01","9738.476215426685"
"2019-08-31","9594.944443325709"
"2019-08-30","9583.573879899986"
"2019-08-29","9489.43031120567"
"2019-08-28","9720.609920309822"
"2019-08-27","10171.978775208423"
"2019-08-26","10365.019586857412"
"2019-08-25","10139.511059451579"
"2019-08-24","10142.349503257803"
"2019-08-23","10392.928331184301"
"2019-08-22","10104.420833798717"
"2019-08-21","10122.949760729325"
"2019-08-20","10762.165483825067"
"2019-08-19","10921.235272827775"
"2019-08-18","10314.73275156703"
"2019-08-17","10210.34070767848"
"2019-08-16","10338.370894455538"
"2019-08-15","10292.32608857337"
"2019-08-14","10023.578350676371"
"2019-08-13","10858.136519516498"
"2019-08-12","11374.197915728533"
"2019-08-11","11533.766229301606"
"2019-08-10","11271.45911270723"
"2019-08-09","11862.288751388307"
"2019-08-08","11993.800798598393"
"2019-08-07","11966.264028156538"
"2019-08-06","11469.870933397675"
"2019-08-05","11819.918511781334"
"2019-08-04","10968.343907007238"
"2019-08-03","10820.672975324536"
"2019-08-02","10517.125813312545"
"2019-08-01","10395.818798149461"
"2019-07-31","10111.076762933903"
"2019-07-30","9584.347062183679"
"2019-07-29","9485.109778064676"
"2019-07-28","9541.92483821227"
"2019-07-27","9469.244076324361"
"2019-07-26","9836.985408883498"
"2019-07-25","9880.936477807076"
"2019-07-24","9768.592815758559"
"2019-07-23","9860.0621140907"
"2019-07-22","10325.983445203208"
"2019-07-21","10591.37540112928"
"2019-07-20","10753.45890356718"
"2019-07-19","10523.869298873158"
"2019-07-18","10651.162832582693"
"2019-07-17","9697.541338072338"
"2019-07-16","9429.11442726051"
"2019-07-15","10844.48401081513"
"2019-07-14","10187.458398161676"
"2019-07-13","11372.817851419753"
"2019-07-12","11798.019011977689"
"2019-07-11","11348.960247958306"
"2019-07-10","12095.197825004681"
"2019-07-09","12567.11839671918"
"2019-07-08","12289.117449075147"
"2019-07-07","11467.953266826711"
"2019-07-06","11252.777355213417"
"2019-07-05","10985.758795850017"
"2019-07-04","11141.03182668077"
"2019-07-03","11977.924189133235"
"2019-07-02","10840.512264101986"
"2019-07-01","10592.687634834663"
"2019-06-30","10748.549951227598"
"2019-06-29","11860.107972254595"
"2019-06-28","12360.577867500371"
"2019-06-27","11125.063914440616"
"2019-06-26","12882.633092753702"
"2019-06-25","11769.82165671362"
"2019-06-24","11026.752850481495"
"2019-06-23","10850.404563228445"
"2019-06-22","10672.140222472355"
"2019-06-21","10210.096357748525"
"2019-06-20","9541.683178262047"
"2019-06-19","9278.815753382634"
"2019-06-18","9105.61279967167"
"2019-06-17","9339.767258225065"
"2019-06-16","8971.493739969545"
"2019-06-15","8851.215777865842"
"2019-06-14","8700.254023138774"
"2019-06-13","8235.806271483982"
"2019-06-12","8160.066484396309"
"2019-06-11","7912.84167706966"
"2019-06-10","8012.639056483709"
"2019-06-09","7641.542670762786"
"2019-06-08","7930.982212975553"
"2019-06-07","8000.509848875415"
"2019-06-06","7805.398098149559"
"2019-06-05","7787.896473953979"
"2019-06-04","7674.63761276146"
"2019-06-03","8109.134824663058"
"2019-06-02","8730.740044168078"
"2019-06-01","8546.30399392179"
"2019-05-31","8566.133028818755"
"2019-05-30","8275.038464256106"
"2019-05-29","8661.767791796732"
"2019-05-28","8737.853237579584"
"2019-05-27","8775.729971029117"
"2019-05-26","8707.57514420282"
"2019-05-25","8062.518364368463"
"2019-05-24","7995.254267616597"
"2019-05-23","7877.066225001757"
"2019-05-22","7637.511570956528"
"2019-05-21","7941.1704581079985"
"2019-05-20","7990.515634864794"
"2019-05-19","8197.574562751091"
"2019-05-18","7271.5379314297925"
"2019-05-17","7369.133818751109"
"2019-05-16","7870.585927823421"
"2019-05-15","8199.046048519536"
"2019-05-14","7979.211189138515"
"2019-05-13","7814.926333231225"
"2019-05-12","6976.441431269875"
"2019-05-11","7192.812254009602"
"2019-05-10","6345.576987522648"
"2019-05-09","6161.624956387507"
"2019-05-08","5952.117011929394"
"2019-05-07","5781.330506019363"
"2019-05-06","5711.840736213436"
"2019-05-05","5739.136897312882"
"2019-05-04","5797.107467031517"
"2019-05-03","5703.261299526223"
"2019-05-02","5417.94525618263"
"2019-05-01","5334.481916154462"
"2019-04-30","5292.834688987531"
"2019-04-29","5179.1158035967"
"2019-04-28","5178.9218185018035"
"2019-04-27","5181.980472601031"
"2019-04-26","5190.376029438121"
"2019-04-25","5128.097341068226"
"2019-04-24","5438.360919571631"
"2019-04-23","5525.388380097703"
"2019-04-22","5382.83126651738"
"2019-04-21","5284.703577339479"
"2019-04-20","5309.616438955039"
"2019-04-19","5279.526904983157"
"2019-04-18","5279.188744416737"
"2019-04-17","5219.930321483653"
"2019-04-16","5196.800119834735"
"2019-04-15","5030.128235541653"
"2019-04-14","5153.360750944948"
"2019-04-13","5064.5423154641585"
"2019-04-12","5067.657280525941"
"2019-04-11","5039.807169257836"
"2019-04-10","5318.025149660458"
"2019-04-09","5192.593865436871"
"2019-04-08","5277.381378416865"
"2019-04-07","5191.4904985622225"
"2019-04-06","5049.10313184222"
"2019-04-05","5037.89939775791"
"2019-04-04","4909.32581957757"
"2019-04-03","4970.792110673725"
"2019-04-02","4900.457643589015"
"2019-04-01","4139.8447044262575"
"2019-03-31","4095.7991433872453"
"2019-03-30","4099.328808344265"
"2019-03-29","4095.7448114222493"
"2019-03-28","4015.490145888307"
"2019-03-27","4029.2256824051033"
"2019-03-26","3928.1883617316435"
"2019-03-25","3914.0693623338107"
"2019-03-24","3975.6036919345906"
"2019-03-23","3991.1148876860466"
"2019-03-22","3983.050787090408"
"2019-03-21","3978.9292065409936"
"2019-03-20","4037.5190963682408"
"2019-03-19","4006.8362846102177"
"2019-03-18","3974.975142941074"
"2019-03-17","3970.1498075056984"
"2019-03-16","4001.956261457576"
"2019-03-15","3912.028711012851"
"2019-03-14","3862.0419611513703"
"2019-03-13","3856.333769335177"
"2019-03-12","3868.4559467530125"
"2019-03-11","3856.0405142322065"
"2019-03-10","3902.385147921069"
"2019-03-09","3925.4042034944396"
"2019-03-08","3846.3674344601986"
"2019-03-07","3860.3811027057372"
"2019-03-06","3853.260036714813"
"2019-03-05","3852.50573927194"
"2019-03-04","3707.5243237030913"
"2019-03-03","3789.1999447903663"
"2019-03-02","3815.093325412696"
"2019-03-01","3811.221948303468"
"2019-02-28","3804.8342403487486"
"2019-02-27","3804.9193053604854"
"2019-02-26","3801.6035334206977"
"2019-02-25","3823.7943392758316"
"2019-02-24","3748.7418026628334"
"2019-02-23","4120.282111745227"
"2019-02-22","3952.1658313475727"
"2019-02-21","3912.548284449266"
"2019-02-20","3949.994302772638"
"2019-02-19","3895.16503516657"
"2019-02-18","3886.9469637466004"
"2019-02-17","3642.1887715719704"
"2019-02-16","3591.905371013553"
"2019-02-15","3575.405830797453"
"2019-02-14","3568.383704994841"
"2019-02-13","3583.5723820965923"
"2019-02-12","3601.3725738908424"
"2019-02-11","3596.9563813623104"
"2019-02-10","3661.0762378626023"
"2019-02-09","3631.5584971905964"
"2019-02-08","3640.6287073176554"
"2019-02-07","3364.8197436396285"
"2019-02-06","3376.9804040533377"
"2019-02-05","3435.6172479364805"
"2019-02-04","3417.278913921153"
"2019-02-03","3423.307541168598"
"2019-02-02","3483.93308596372"
"2019-02-01","3444.344022377771"
"2019-01-31","3421.380641949495"
"2019-01-30","3448.2442453889416"
"2019-01-29","3403.2182575885977"
"2019-01-28","3440.1053233090943"
"2019-01-27","3542.3034972049772"
"2019-01-26","3566.012392032563"
"2019-01-25","3566.822591069449"
"2019-01-24","3580.4940805104347"
"2019-01-23","3563.3542391414317"
"2019-01-22","3586.5290810146716"
"2019-01-21","3539.5178615331733"
"2019-01-20","3547.9558208231324"
"2019-01-19","3693.8303603200484"
"2019-01-18","3613.843223153125"
"2019-01-17","3644.4292401976422"
"2019-01-16","3614.7998470383127"
"2019-01-15","3585.8467988455686"
"2019-01-14","3670.74873268123"
"2019-01-13","3518.8463077533916"
"2019-01-12","3628.350605251655"
"2019-01-11","3640.9895313522798"
"2019-01-10","3637.421696874916"
"2019-01-09","4012.1407292429058"
"2019-01-08","4001.413809199252"
"2019-01-07","4012.698617890597"
"2019-01-06","4060.4519965593176"
"2019-01-05","3816.9523316774184"
"2019-01-04","3837.9140877342784"
"2019-01-03","3811.2261571355175"
"2019-01-02","3911.9176243541206"
"2019-01-01","3840.394307781661"
"2018-12-31","3711.668623134342"
"2018-12-30","3854.3260426255774"
"2018-12-29","3753.676807220535"
"2018-12-28","3908.0035841657836"
"2018-12-27","3606.9640589988085"
"2018-12-26","3825.3125296662056"
"2018-12-25","3802.6652500150085"
"2018-12-24","4045.847791718875"
"2018-12-23","3963.870828806001"
"2018-12-22","4000.2812369620824"
"2018-12-21","3859.9028011272194"
"2018-12-20","4102.827517804302"
"2018-12-19","3702.012510792308"
"2018-12-18","3680.5814186562175"
"2018-12-17","3514.2044125726443"
"2018-12-16","3216.424543710994"
"2018-12-15","3197.6806790800238"
"2018-12-14","3206.824903516609"
"2018-12-13","3274.6723774284455"
"2018-12-12","3448.199382408621"
"2018-12-11","3363.6833775873283"
"2018-12-10","3424.629303385674"
"2018-12-09","3543.2596209238113"
"2018-12-08","3418.2033755089747"
"2018-12-07","3397.2681534051117"
"2018-12-06","3455.8800091936973"
"2018-12-05","3705.569033728982"
"2018-12-04","3917.10118688926"
"2018-12-03","3845.08145590057"
"2018-12-02","4103.959462763973"
"2018-12-01","4152.855415395558"
"2018-11-30","3988.0575319894233"
"2018-11-29","4257.842466335637"
"2018-11-28","4232.601496794103"
"2018-11-27","3784.27057550168"
"2018-11-26","3749.5137253107796"
"2018-11-25","3960.9067713527047"
"2018-11-24","3813.180414304607"
"2018-11-23","4308.149498937342"
"2018-11-22","4284.483603562276"
"2018-11-21","4559.19369958147"
"2018-11-20","4401.214430145316"
"2018-11-19","4766.071950669885"
"2018-11-18","5581.050892648267"
"2018-11-17","5523.9924121130425"
"2018-11-16","5532.327281386473"
"2018-11-15","5607.475567058754"
"2018-11-14","5673.100794120969"
"2018-11-13","6285.518333279399"
"2018-11-12","6337.56339235909"
"2018-11-11","6373.956918846336"
"2018-11-10","6356.436950132784"
"2018-11-09","6343.6024530445775"
"2018-11-08","6417.8855558149435"
"2018-11-07","6523.381514581164"
"2018-11-06","6464.376981914805"
"2018-11-05","6413.792339278265"
"2018-11-04","6434.994780879082"
"2018-11-03","6349.707139996626"
"2018-11-02","6364.743180175194"
"2018-11-01","6357.066733288193"
"2018-10-31","6324.472545948528"
"2018-10-30","6292.742904020852"
"2018-10-29","6277.342398329296"
"2018-10-28","6412.58917946526"
"2018-10-27","6444.171017057663"
"2018-10-26","6418.952689595676"
"2018-10-25","6403.689831120153"
"2018-10-24","6431.908139279283"
"2018-10-23","6413.141318312036"
"2018-10-22","6419.70724376592"
"2018-10-21","6436.547632602747"
"2018-10-20","6419.621113554599"
"2018-10-19","6362.6003267463075"
"2018-10-18","6419.5136947389565"
"2018-10-17","6470.866289289917"
"2018-10-16","6475.66427425284"
"2018-10-15","6516.59477994691"
"2018-10-14","6201.462410195103"
"2018-10-13","6216.820622415106"
"2018-10-12","6195.501245321042"
"2018-10-11","6164.660037184301"
"2018-10-10","6540.508683550137"
"2018-10-09","6593.119267034447"
"2018-10-08","6616.650965217402"
"2018-10-07","6575.319196765809"
"2018-10-06","6556.555257936585"
"2018-10-05","6591.715203550102"
"2018-10-04","6553.613895806791"
"2018-10-03","6467.791420604328"
"2018-10-02","6485.402828140558"
"2018-10-01","6578.080415897625"
"2018-09-30","6604.396344159466"
"2018-09-29","6579.440544083353"
"2018-09-28","6627.605807763299"
"2018-09-27","6677.144531728074"
"2018-09-26","6451.981168740605"
"2018-09-25","6436.002933859306"
"2018-09-24","6577.5492041877515"
"2018-09-23","6696.302525025036"
"2018-09-22","6713.333210089373"
"2018-09-21","6754.21104390706"
"2018-09-20","6488.12037836681"
"2018-09-19","6387.992885308682"
"2018-09-18","6315.903480824292"
"2018-09-17","6245.89784317336"
"2018-09-16","6493.548776323665"
"2018-09-15","6512.871574494258"
"2018-09-14","6473.721244444222"
"2018-09-13","6479.6086005133"
"2018-09-12","6330.321373937202"
"2018-09-11","6279.717624953441"
"2018-09-10","6299.414516749377"
"2018-09-09","6252.613742746133"
"2018-09-08","6174.030057682907"
"2018-09-07","6385.32267552259"
"2018-09-06","6504.809390441691"
"2018-09-05","6685.504974891883"
"2018-09-04","7346.791611955217"
"2018-09-03","7255.975840516008"
"2018-09-02","7294.621059343185"
"2018-09-01","7194.35814221216"
"2018-08-31","7011.827383536303"
"2018-08-30","6972.53125587433"
"2018-08-29","7026.761509046086"
"2018-08-28","7073.315867932377"
"2018-08-27","6903.876570762448"
"2018-08-26","6687.887218827549"
"2018-08-25","6731.014062241523"
"2018-08-24","6673.607991823546"
"2018-08-23","6520.5695092727365"
"2018-08-22","6356.013614505356"
"2018-08-21","6475.010421437886"
"2018-08-20","6254.8325920635625"
"2018-08-19","6481.185378530065"
"2018-08-18","6399.146178408918"
"2018-08-17","6580.266691324611"
"2018-08-16","6311.378236097398"
"2018-08-15","6271.331545709298"
"2018-08-14","6192.3701624875575"
"2018-08-13","6249.169357619763"
"2018-08-12","6308.708335403284"
"2018-08-11","6239.298029950807"
"2018-08-10","6142.7628210462535"
"2018-08-09","6530.244086109338"
"2018-08-08","6279.181780782273"
"2018-08-07","6709.275926615325"
"2018-08-06","6926.952828303679"
"2018-08-05","7026.361040551244"
"2018-08-04","7006.306355360672"
"2018-08-03","7406.769984280596"
"2018-08-02","7521.23830889794"
"2018-08-01","7594.958458310144"
"2018-07-31","7722.164874503835"
"2018-07-30","8161.499852797072"
"2018-07-29","8192.024525089791"
"2018-07-28","8229.540422393922"
"2018-07-27","8154.842248888981"
"2018-07-26","7922.838731251675"
"2018-07-25","8151.603427047543"
"2018-07-24","8392.926480521604"
"2018-07-23","7713.091631849432"
"2018-07-22","7389.766522662501"
"2018-07-21","7399.451252512507"
"2018-07-20","7325.628550460318"
"2018-07-19","7469.890720224073"
"2018-07-18","7373.711268835717"
"2018-07-17","7314.950971472621"
"2018-07-16","6725.842455967928"
"2018-07-15","6346.700581790258"
"2018-07-14","6246.51901034438"
"2018-07-13","6216.173144978377"
"2018-07-12","6243.7568348149425"
"2018-07-11","6378.299352000012"
"2018-07-10","6298.4750098936265"
"2018-07-09","6659.425927034463"
"2018-07-08","6701.16778321478"
"2018-07-07","6750.234462655218"
"2018-07-06","6599.841501757548"
"2018-07-05","6526.780080247801"
"2018-07-04","6584.309037828624"
"2018-07-03","6506.556366577845"
"2018-07-02","6613.141423020882"
"2018-07-01","6350.117194916551"
"2018-06-30","6385.492545407347"
"2018-06-29","6193.681451233859"
"2018-06-28","5848.663158250733"
"2018-06-27","6135.491617835376"
"2018-06-26","6070.8459447525"
"2018-06-25","6248.476257568646"
"2018-06-24","6148.179338804621"
"2018-06-23","6158.964623457399"
"2018-06-22","6049.584728614917"
"2018-06-21","6717.466309132553"
"2018-06-20","6756.683501354437"
"2018-06-19","6735.15223843805"
"2018-06-18","6705.552484999506"
"2018-06-17","6447.045695917027"
"2018-06-16","6485.210311019783"
"2018-06-15","6389.687401856953"
"2018-06-14","6639.612463751506"
"2018-06-13","6297.914370733632"
"2018-06-12","6537.1506195992015"
"2018-06-11","6875.67472790244"
"2018-06-10","6765.871849892612"
"2018-06-09","7483.888943480919"
"2018-06-08","7605.099770763249"
"2018-06-07","7683.891474419597"
"2018-06-06","7644.5323707416555"
"2018-06-05","7618.402049294491"
"2018-06-04","7482.203958946672"
"2018-06-03","7713.338270936959"
"2018-06-02","7638.394228088486"
"2018-06-01","7512.80266395203"
"2018-05-31","7483.144816799538"
"2018-05-30","7374.396338155535"
"2018-05-29","7457.842581044682"
"2018-05-28","7098.580650129778"
"2018-05-27","7335.832210551843"
"2018-05-26","7329.638860417517"
"2018-05-25","7461.176160386198"
"2018-05-24","7575.868192431908"
"2018-05-23","7501.845672314375"
"2018-05-22","7977.586407321758"
"2018-05-21","8384.277152302071"
"2018-05-20","8525.084543972018"
"2018-05-19","8232.414727421547"
"2018-05-18","8230.586587103006"
"2018-05-17","8057.691352576612"
"2018-05-16","8342.102260782485"
"2018-05-15","8467.583543452483"
"2018-05-14","8668.132713379637"
"2018-05-13","8683.23830564113"
"2018-05-12","8470.571313652055"
"2018-05-11","8404.84180126311"
"2018-05-10","9012.610434386806"
"2018-05-09","9313.466445157039"
"2018-05-08","9181.602846704487"
"2018-05-07","9360.246491820355"
"2018-05-06","9616.1945800461"
"2018-05-05","9820.219363718617"
"2018-05-04","9694.847745086514"
"2018-05-03","9732.99971370745"
"2018-05-02","9229.177784818648"
"2018-05-01","9075.345891840867"
"2018-04-30","9245.453778678953"
"2018-04-29","9411.375704314803"
"2018-04-28","9348.121758389932"
"2018-04-27","8925.947219540983"
"2018-04-26","9273.829242101674"
"2018-04-25","8869.59222649887"
"2018-04-24","9646.24476237031"
"2018-04-23","8949.65579394314"
"2018-04-22","8807.876979102297"
"2018-04-21","8919.356298917555"
"2018-04-20","8870.554372954593"
"2018-04-19","8276.953513872155"
"2018-04-18","8167.293584979431"
"2018-04-17","7887.650399504946"
"2018-04-16","8056.63349362832"
"2018-04-15","8354.775020954572"
"2018-04-14","8002.766525942139"
"2018-04-13","7881.4662878845365"
"2018-04-12","7915.50685080822"
"2018-04-11","6946.605294701317"
"2018-04-10","6835.937308796045"
"2018-04-09","6769.453577034741"
"2018-04-08","7013.670380165742"
"2018-04-07","6897.637343887562"
"2018-04-06","6610.311743347193"
"2018-04-05","6768.486968509519"
"2018-04-04","6791.456542709126"
"2018-04-03","7409.932441458532"
"2018-04-02","7053.948972887633"
"2018-04-01","6815.334560199889"
"2018-03-31","6919.232967962111"
"2018-03-30","6828.216991393354"
"2018-03-29","7095.258998817706"
"2018-03-28","7941.699609706279"
"2018-03-27","7793.287291320572"
"2018-03-26","8143.4774903259495"
"2018-03-25","8458.974515344258"
"2018-03-24","8537.209105059886"
"2018-03-23","8913.735421123267"
"2018-03-22","8714.821924932996"
"2018-03-21","8894.790341832308"
"2018-03-20","8909.629926782833"
"2018-03-19","8602.76255062922"
"2018-03-18","8183.190401081282"
"2018-03-17","7851.232620301729"
"2018-03-16","8260.213568705656"
"2018-03-15","8252.63703968871"
"2018-03-14","8180.0188531500135"
"2018-03-13","9145.812705981334"
"2018-03-12","9125.621639092278"
"2018-03-11","9533.732217644949"
"2018-03-10","8781.89380404088"
"2018-03-09","9235.449074103313"
"2018-03-08","9294.538788010479"
"2018-03-07","9915.891195834374"
"2018-03-06","10719.854305150357"
"2018-03-05","11437.241106373505"
"2018-03-04","11500.297566824955"
"2018-03-03","11445.71509565888"
"2018-03-02","11022.623213978615"
"2018-03-01","10910.968536077744"
"2018-02-28","10319.607027185664"
"2018-02-27","10576.479914402422"
"2018-02-26","10318.381941831753"
"2018-02-25","9586.990392008913"
"2018-02-24","9688.772727764463"
"2018-02-23","10147.880891879115"
"2018-02-22","9832.889729273831"
"2018-02-21","10458.130289781573"
"2018-02-20","11224.113964781764"
"2018-02-19","11172.537959270774"
"2018-02-18","10416.270244980682"
"2018-02-17","11093.281629146037"
"2018-02-16","10181.350837717519"
"2018-02-15","10025.496500249083"
"2018-02-14","9470.036772307149"
"2018-02-13","8527.66899038644"
"2018-02-12","8896.085514561444"
"2018-02-11","8070.912825595991"
"2018-02-10","8554.148646133573"
"2018-02-09","8684.278670140458"
"2018-02-08","8244.598941410191"
"2018-02-07","7586.6210064577035"
"2018-02-06","7694.47408053752"
"2018-02-05","6884.77458199549"
"2018-02-04","8164.3101830716505"
"2018-02-03","9202.169507198532"
"2018-02-02","8839.708839543831"
"2018-02-01","9072.385974731567"
"2018-01-31","10171.356590290485"
"2018-01-30","10058.127095245856"
"2018-01-29","11174.172678758674"
"2018-01-28","11683.697226848135"
"2018-01-27","11422.218637309115"
"2018-01-26","11082.769045258232"
"2018-01-25","11159.997853318004"
"2018-01-24","11397.847747863785"
"2018-01-23","10830.978865188523"
"2018-01-22","10812.081878625631"
"2018-01-21","11557.432344823967"
"2018-01-20","12814.655354242392"
"2018-01-19","11566.113947333379"
"2018-01-18","11198.8633434062"
"2018-01-17","11157.965178269505"
"2018-01-16","11304.923264970786"
"2018-01-15","13621.014420116559"
"2018-01-14","13614.678907393924"
"2018-01-13","14258.65386077519"
"2018-01-12","13843.2928437337"
"2018-01-11","13334.860530443084"
"2018-01-10","14929.541553712845"
"2018-01-09","14521.284507095485"
"2018-01-08","15004.625399717717"
"2018-01-07","16247.139348272103"
"2018-01-06","17161.25162869855"
"2018-01-05","17002.02645489005"
"2018-01-04","15234.308881945399"
"2018-01-03","15155.526355563727"
"2018-01-02","14810.380573865876"
"2018-01-01","13476.730077519052"
"2017-12-31","13930.575389720027"
"2017-12-30","12591.514131480486"
"2017-12-29","14478.41718236278"
"2017-12-28","14458.030933978618"
"2017-12-27","15469.551909602435"
"2017-12-26","15785.000619347271"
"2017-12-25","13870.177186854065"
"2017-12-24","13912.086778957788"
"2017-12-23","14483.41954234101"
"2017-12-22","13793.03339804463"
"2017-12-21","15614.556740101893"
"2017-12-20","16499.858386895492"
"2017-12-19","17626.01649442231"
"2017-12-18","18966.998159790302"
"2017-12-17","19067.961703981808"
"2017-12-16","19385.69154424114"
"2017-12-15","17621.86527479018"
"2017-12-14","16486.55228962477"
"2017-12-13","16293.18220107995"
"2017-12-12","17089.457766903182"
"2017-12-11","16743.148961365285"
"2017-12-10","15025.695904935194"
"2017-12-09","15009.257298123699"
"2017-12-08","16152.804650614415"
"2017-12-07","17492.21722377363"
"2017-12-06","13719.13555167091"
"2017-12-05","11656.203298467819"
"2017-12-04","11617.245228346306"
"2017-12-03","11224.359405736597"
"2017-12-02","10893.010802332803"
"2017-12-01","10868.582920382325"
"2017-11-30","9951.160989942904"
"2017-11-29","9807.084705631762"
"2017-11-28","9901.062464519495"
"2017-11-27","9724.349003977599"
"2017-11-26","9293.867508550113"
"2017-11-25","8743.97530745341"
"2017-11-24","8182.9511432254285"
"2017-11-23","7995.583885321453"
"2017-11-22","8229.96552171534"
"2017-11-21","8082.908768656766"
"2017-11-20","8232.329401327015"
"2017-11-19","8032.3443080178"
"2017-11-18","7770.706389336212"
"2017-11-17","7683.868529737655"
"2017-11-16","7835.118064130104"
"2017-11-15","7276.745983050209"
"2017-11-14","6605.322197526393"
"2017-11-13","6513.880013708918"
"2017-11-12","5844.583250142022"
"2017-11-11","6321.929562439387"
"2017-11-10","6553.4857666291655"
"2017-11-09","7134.0290287478465"
"2017-11-08","7450.623244705101"
"2017-11-07","7111.114407283469"
"2017-11-06","6962.8722446959655"
"2017-11-05","7379.016550398821"
"2017-11-04","7379.00458447586"
"2017-11-03","7148.779987785079"
"2017-11-02","7028.696950439347"
"2017-11-01","6749.401854659965"
"2017-10-31","6445.793634689339"
"2017-10-30","6127.426813587932"
"2017-10-29","6144.266466696283"
"2017-10-28","5730.311490214888"
"2017-10-27","5767.756931954635"
"2017-10-26","5890.120603897175"
"2017-10-25","5734.170770394734"
"2017-10-24","5516.3209031868155"
"2017-10-23","5905.02880896967"
"2017-10-22","5983.366008816882"
"2017-10-21","6011.491941670363"
"2017-10-20","5986.71629624693"
"2017-10-19","5697.145361684118"
"2017-10-18","5575.494976722935"
"2017-10-17","5599.770652327541"
"2017-10-16","5749.403064861383"
"2017-10-15","5700.936322720641"
"2017-10-14","5818.697128874766"
"2017-10-13","5635.250093837377"
"2017-10-12","5435.651675645545"
"2017-10-11","4819.416820692417"
"2017-10-10","4761.455658204349"
"2017-10-09","4773.167743761985"
"2017-10-08","4604.119864513802"
"2017-10-07","4427.598783332781"
"2017-10-06","4369.856615832531"
"2017-10-05","4312.546418316448"
"2017-10-04","4214.449797142558"
"2017-10-03","4310.027428272119"
"2017-10-02","4393.075478232344"
"2017-10-01","4393.147480402596"
"2017-09-30","4353.7321224234065"
"2017-09-29","4164.244865620729"
"2017-09-28","4188.279017987628"
"2017-09-27","4204.812710742299"
"2017-09-26","3883.5449266573937"
"2017-09-25","3925.658974876166"
"2017-09-24","3658.5706191947265"
"2017-09-23","3782.5745959066"
"2017-09-22","3607.990935062008"
"2017-09-21","3605.0766621239795"
"2017-09-20","3870.1157249267467"
"2017-09-19","3900.17413766831"
"2017-09-18","4094.1460687097647"
"2017-09-17","3680.2824678386205"
"2017-09-16","3690.8773197080236"
"2017-09-15","3712.576733430804"
"2017-09-14","3237.6256767301334"
"2017-09-13","3859.8366603333907"
"2017-09-12","4157.706225561541"
"2017-09-11","4213.759910680272"
"2017-09-10","4246.066835476877"
"2017-09-09","4325.926872755988"
"2017-09-08","4328.0075444738395"
"2017-09-07","4627.734907070284"
"2017-09-06","4609.8294967873035"
"2017-09-05","4407.91340108782"
"2017-09-04","4308.141802384815"
"2017-09-03","4622.309814144619"
"2017-09-02","4592.427320424699"
"2017-09-01","4920.334629851388"
"2017-08-31","4734.5284918927755"
"2017-08-30","4576.264010853207"
"2017-08-29","4591.273628410616"
"2017-08-28","4382.24635813256"
"2017-08-27","4334.482417810871"
"2017-08-26","4336.611706974172"
"2017-08-25","4357.060549229963"
"2017-08-24","4314.63289054749"
"2017-08-23","4134.466087892558"
"2017-08-22","4089.4015296409757"
"2017-08-21","3996.3267453175367"
"2017-08-20","4058.614596409248"
"2017-08-19","4139.137473047507"
"2017-08-18","4099.117401539575"
"2017-08-17","4270.144214550261"
"2017-08-16","4382.3930539921885"
"2017-08-15","4158.039866959684"
"2017-08-14","4322.524895838718"
"2017-08-13","4061.881672801007"
"2017-08-12","3868.5388769999618"
"2017-08-11","3650.09436542777"
"2017-08-10","3418.0379007295683"
"2017-08-09","3346.8852114574315"
"2017-08-08","3418.6512946163334"
"2017-08-07","3391.9010717715946"
"2017-08-06","3229.273388478502"
"2017-08-05","3272.153585657745"
"2017-08-04","2850.22"
"2017-08-03","2792.4010007574316"
"2017-08-02","2698.104645996667"
"2017-08-01","2727.4163923058436"
"2017-07-31","2863.8168758658353"
"2017-07-30","2748.590775981588"
"2017-07-29","2704.0056804260894"
"2017-07-28","2784.151118392669"
"2017-07-27","2665.625946491292"
"2017-07-26","2525.455266387134"
"2017-07-25","2561.325961988954"
"2017-07-24","2763.1601883142066"
"2017-07-23","2753.0502836351825"
"2017-07-22","2836.2319579944033"
"2017-07-21","2664.6360747043204"
"2017-07-20","2870.165354417873"
"2017-07-19","2258.256137804171"
"2017-07-18","2306.9634409732425"
"2017-07-17","2225.6291199344487"
"2017-07-16","1914.3119951585077"
"2017-07-15","1968.8140341692006"
"2017-07-14","2213.430181737997"
"2017-07-13","2337.9260638666387"
"2017-07-12","2381.7097242812083"
"2017-07-11","2301.7268627520825"
"2017-07-10","2327.385122498217"
"2017-07-09","2497.6038274753146"
"2017-07-08","2549.804642461351"
"2017-07-07","2495.5011338715117"
"2017-07-06","2600.8840551651138"
"2017-07-05","2612.4011418627033"
"2017-07-04","2595.3588469022507"
"2017-07-03","2549.377812728481"
"2017-07-02","2512.017006263429"
"2017-07-01","2395.393976743074"
"2017-06-30","2449.0517447487705"
"2017-06-29","2519.11299655228"
"2017-06-28","2553.0950892460132"
"2017-06-27","2562.0759027863323"
"2017-06-26","2411.443797527249"
"2017-06-25","2492.420727836269"
"2017-06-24","2550.616827373157"
"2017-06-23","2683.3378242971967"
"2017-06-22","2685.9743996629904"
"2017-06-21","2643.446065813362"
"2017-06-20","2730.0702208085495"
"2017-06-19","2588.5569672918587"
"2017-06-18","2505.722969049556"
"2017-06-17","2629.181335461251"
"2017-06-16","2480.5955631675934"
"2017-06-15","2414.5127350766124"
"2017-06-14","2448.5402918129716"
"2017-06-13","2702.655086666196"
"2017-06-12","2649.391518218633"
"2017-06-11","2959.1307892850073"
"2017-06-10","2881.237237847745"
"2017-06-09","2812.0233151016714"
"2017-06-08","2801.5462532748943"
"2017-06-07","2680.0735080648883"
"2017-06-06","2871.697174283751"
"2017-06-05","2694.778169113867"
"2017-06-04","2516.8706833511906"
"2017-06-03","2542.92567196438"
"2017-06-02","2484.640193048764"
"2017-06-01","2400.21327655311"
"2017-05-31","2286.1509482527886"
"2017-05-30","2178.5667264847816"
"2017-05-29","2269.1540795183682"
"2017-05-28","2165.2497321631727"
"2017-05-27","2052.6682419889385"
"2017-05-26","2263.5005285553025"
"2017-05-25","2314.340800822413"
"2017-05-24","2421.706750665295"
"2017-05-23","2260.2597273827114"
"2017-05-22","2099.8403308536645"
"2017-05-21","2032.9877260203712"
"2017-05-20","2032.8328567229355"
"2017-05-19","1964.0362472781585"
"2017-05-18","1886.9259542819416"
"2017-05-17","1812.5430274392381"
"2017-05-16","1746.5588991897926"
"2017-05-15","1730.8890326670803"
"2017-05-14","1805.0256234396256"
"2017-05-13","1790.0659050171625"
"2017-05-12","1700.3720897046148"
"2017-05-11","1836.9186581386589"
"2017-05-10","1785.9483595031443"
"2017-05-09","1715.760885380464"
"2017-05-08","1673.6695690388474"
"2017-05-07","1580.2710066475956"
"2017-05-06","1564.2846514665528"
"2017-05-05","1529.9873618183542"
"2017-05-04","1558.6674164154626"
"2017-05-03","1528.565423156705"
"2017-05-02","1480.6867210135706"
"2017-05-01","1421.6181166177196"
"2017-04-30","1381.8580566887126"
"2017-04-29","1368.9254561530365"
"2017-04-28","1341.1645280443613"
"2017-04-27","1361.0199593088864"
"2017-04-26","1291.4077083331335"
"2017-04-25","1294.015396396782"
"2017-04-24","1277.9690582737087"
"2017-04-23","1278.7186845523386"
"2017-04-22","1280.6355370687475"
"2017-04-21","1247.872029779679"
"2017-04-20","1258.854271774369"
"2017-04-19","1220.7460755894356"
"2017-04-18","1226.764593870465"
"2017-04-17","1203.0126530744394"
"2017-04-16","1186.684539738916"
"2017-04-15","1182.499267110505"
"2017-04-14","1181.6608047272498"
"2017-04-13","1178.6659974529139"
"2017-04-12","1217.789755418115"
"2017-04-11","1226.11542526304"